id,title,numberofsteps,recipe_id
1584,Foul Moudammas,5,1
1624,Potato Dumplings,11,2
1636,Lebanese Basic Dough,10,3
1655,Yakhnet Bathinjan,11,4
1660,Manakeesh bi Zaatar,5,5
1724,Labna,6,6
1750,Fasolakia,4,7
1834,Kremithosoupa,4,8
1910,Toshiko's Broccoli Salad,6,9
1938,Japanese Very Light Tempura Batter,6,10
1958,Banana Chips,4,11
2001,SautÌÎå©ed Zucchini,5,12
2060,Borani Esfanaaj,6,13
2136,Shepherd's Pie,8,14
2280,Mango Salad,6,15
2344,Persian Lamb-Vegetable Khoreshe,12,16
2430,Lebanese Green Bean Salad,5,17
2480,Iced Korean Cucumber Soup,8,18
2659,Mushroom Stew,6,19
2663,Tinned Toheroa Soup,5,20
2684,Flavour Enhancer Bouquet Garni for Soups,5,21
2794,Shrimp Appetizers,6,22
2833,Beef Kefta,6,23
2910,Dal-gyal Mal-e,5,24
2955,Lemon Olives,4,25
2994,Moroccan Pepper Sauce,4,26
3035,Sour Cream Apple Strudel,8,27
3107,Belgian Loaf,4,28
3168,Tomatensalat I,5,29
3253,Carrot Kuchumber,4,30
3260,Mom's Chicken and Dumplings,15,31
3276,Italian Dipping Oil,4,32
3311,Potato and Onion Pancakes,8,33
3387,"Mozzarella, Tomato and Basil Salad",4,34
3512,Kam Ja Jo Lim,7,35
3560,Impossibly Easy French Apple Pie,10,36
3592,Kate's Pineapple Panini Treat,5,37
3675,Whipped Chocolate Ganache Filling (or Frosting),11,38
3743,Wiener Backhendl,4,39
3766,Dutch Potato Soup,7,40
3868,Chicken Moskva,10,41
3918,Gnocchi (Njoki),11,42
3920,Croatian-style Polenta,4,43
3924,Potato-Leek-Mushroom Soup,8,44
3964,Hawaiian Tea Cookies,7,45
3990,Appelkoek,8,46
4022,Scottish Shortbread,9,47
4194,Dutch Pancake with Spiced Apples,10,48
4215,Hete Bliksem,8,49
4230,Chocoladevla,10,50
4233,Grilled Mangos with Ginger,5,51
4237,MandelbrÌÎÌ_d,5,52
4239,Mandelskorpor,7,53
4315,Bagt Kartoffelrand,5,54
4328,Varm KÌÎå«lstuvning,9,55
4494,Irish Potato Farls,11,56
4590,Porkkanalaatikko,5,57
4600,Riisipuuro,5,58
4761,Irish Apple Fritters,10,59
4775,LÌÎ_su BrÌÎå_nterta,7,60
4781,Beinlausir Fuglar,9,61
4795,KartÌÎå_flustappa - Mashed Potatoes,6,62
4990,Korvapuustit,16,63
5046,Pulla,11,64
5239,Cajun Popcorn Shrimp,10,65
5329,Apple and Hazelnut Crunch,4,66
5346,HveitibrauÌÎåÁ meÌÎåÁ Lyftidufti,6,67
5387,Flauelsgrautur,5,68
5432,BauernfrÌÎ_hstÌÎ_ck,6,69
5509,Gurkensalat,4,70
5798,Brocolosoupa,6,71
5800,Karotosoupa,8,72
5806,Kotosoupa,12,73
5820,Salata Brokolo,4,74
5832,Maroulosalata,7,75
5836,Melitzanes Fournou,10,76
5838,Imam Baildi I,15,77
5844,Lahanorizo,9,78
5848,Melitzanes me Saltsa Karydia,10,79
5852,Arakas,6,80
5912,Estonian Marzipan,4,81
6178,German Buttercreme,9,82
6537,Spanish Saffron Meatballs,22,83
6625,Ham and Cabbage Hash,6,84
6657,Aloo Chips,5,85
6745,Ginger Pork Dumplings,9,86
6750,Taskebab,6,87
6769,Pilafi me Garides,28,88
6865,Lefsekling from Telemark,13,89
6870,Potato Lefse I,7,90
7209,Grilled Crab,4,91
7266,Canadian Cheese Soup,5,92
7309,Egg Drop Soup,4,93
7314,Fiskesuppe,10,94
7328,Zupa Kartoflana,6,95
7340,Purresuppe,10,96
7440,Shish Kebab,6,97
7663,Figgy Duff,4,98
7794,Potato Pierogi,21,99
7802,Golabki,15,100
7831,Fried Norwegian Cookies,17,101
7833,Irish Potato Salad,9,102
8073,Irish Potato and Apple Cake,6,103
8260,Ghee I,7,104
8421,Kopytka,4,105
9072,Cajun Tomato Chicken Salad,4,106
9121,Calas,7,107
9397,Ginger Tea,4,108
9527,Easy Blueberry (or Cherry) Cheesecake,11,109
9530,Homemade Breadsticks,8,110
10060,Polish Raisin Scones,10,111
10487,Carrot Salad Calcutta,5,112
10696,Egg Salad,10,113
10706,Homemade Double Cream,5,114
10737,Garden Vegetable Mix,10,115
10759,Cheese Balls,4,116
10950,Cesnica,7,117
11019,Posna Sarma,8,118
11036,Serbian Meatloaf,12,119
11039,Kifle,17,120
11138,Apple Pie,8,121
11155,Swedish Kroppkakor,10,122
11913,Homemade Yogurt,7,123
11917,Mushroom Soup with Ushki,6,124
12002,Cucumber and Olive Salad,4,125
12609,Apple Salad,4,126
12701,Oyster Shooter,8,127
12706,Roll Kuchen,6,128
12987,Coxinha,11,129
13010,Esfirras,13,130
13241,Basic Gnocchi,10,131
13719,American Indian Fry Bread,5,132
13852,Cheyenne Batter Bread,7,133
14010,Navajo Fry Bread,8,134
14186,Peanut Butter Icing,9,135
14421,Tamaya Blue Veggie Cake,7,136
14887,Whole-wheat Pizza Dough,7,137
15182,Microwave Roasted Garlic,8,138
15556,Stewed Apple and Clove,5,139
15591,Paneer ( Indian Cheese),8,140
16055,Yogurt Cheese,4,141
16216,Baked Rice Florentine,5,142
16217,Baked Rice Milanaise,4,143
16232,Blushing Rice Tomato Cups,7,144
16234,Broccoli Rice Puff,4,145
16235,Broccoli-Topped Baked Tomatoes,4,146
16245,Brunch Rice I,8,147
16269,Cheddar Rice with Green Onions,4,148
16276,Cheese and Rice Casserole,5,149
16279,Cheesy Broccoli Rice Casserole,5,150
16288,Chinese Omelet,10,151
16347,Easy Rice Balls,6,152
16402,Italian Vegetable Medley,5,153
16699,Pineapple Rice Delight,11,154
16730,Rice Medallions,6,155
16731,Rice Mozzarella,4,156
16736,Rice Salad Milano,5,157
16771,Spinach Rice Bake,4,158
16776,Sunny Citrus Salad,4,159
16819,Almond Macaroons,8,160
16842,Anise-Seed Cakes,4,161
16844,Basic Cookies,7,162
17362,Avocado Sauce,5,163
17445,California Avocado Zucchini Soup,10,164
17538,California Guacamole I,4,165
17615,Haute Grilled Avocados,11,166
17624,Ina's Chilled Avocado-Cilantro Soup,6,167
17936,Cachapas,4,168
17939,Ham Croissant Rolls,18,169
17975,Corn Pudding,7,170
18044,Apple Pecan Salad,4,171
18095,Cocoanut Biscuits,5,172
18096,Cocoanut Cream Cookies,7,173
18098,Cocoanut Cookies,7,174
18101,Basic Cookies I,8,175
18102,Cream Puffs I,6,176
18153,Safari Sandwich,5,177
18297,Apple Cinnamon Muffins I,5,178
18316,Bumps on a Log,7,179
18330,Chewy Butterscotch Brownies,9,180
18371,Fresh Tomato-Ginger Vinaigrette,6,181
18396,Easy Bbq Meatloaf,5,182
18406,Low-cholesterol popovers,6,183
18411,Easter Egg Decorating Ideas,7,184
18413,Cheese SoufflÌÎå© I,6,185
18443,Frozen fruit treat,4,186
18504,Jewelry Clay for Kids,4,187
18505,Jumbo Cream Cheese Peanut Butter Cookie,8,188
18556,Green Bean SautÌÎå©,5,189
18565,Peanut Butter Cookie Pops,10,190
18610,Apple and Carrot Cake,7,191
18640,Susan and Michael's Paint Brush Cookies,12,192
18690,Baked Custard I,4,193
18753,Brussels Sprouts and Carrot Salad,4,194
18802,Stuffed Avocados,5,195
18889,Peanut Cookies II,6,196
18898,Peanut Cookies I,4,197
18904,Swedish Wafers,5,198
18913,Sugar Cookies III,6,199
18922,Plain Cookies,6,200
18927,Nut Cookies I,12,201
18933,Hermits IV,8,202
18965,Vegan Spinach Dip,4,203
18986,Cabbage Casserole I,7,204
18998,Carrot and Raisin Salad I,4,205
18999,Carrot Bars,6,206
19004,"Carrot, Zucchini and Potato Shreds",6,207
19038,Chicken Rosemary,7,208
19045,Chinese-style Chicken,15,209
19196,Fish and Mushrooms,6,210
19253,Golden Potato Wedges,4,211
19324,Lemonade Syrup,5,212
19331,Lo-cal CrÌÎåÈpes,4,213
19395,Christmas Bread,15,214
19469,California Avocado Burger,7,215
19528,Peanut Butter Cookies I,9,216
19569,Grilled Shrimp and Avocado BLT,11,217
19668,Grilled Pepper Panini,13,218
19970,Avocado Banana Baby Food,4,219
20092,Rolled Sugar Cookies,10,220
20128,"Grilled Chicken, San Diego Style",8,221
20165,Spinach with Onions,7,222
20247,Hojuelas Colombians,8,223
20260,Sugarless Cookies,6,224
20267,Arepas de Chocolo,4,225
20268,Swedish Cardamom Braid,18,226
20287,Arequipe,5,227
20299,Hojuelas,9,228
20316,Thick Tomato Sauce,9,229
20323,Finsand's Tomato Sauce,7,230
20347,Vanilla Wafer Crumb Crust,7,231
20410,Zucchini-Meat Sauce,5,232
20458,Cincinnati Five-way Chili,6,233
20496,Eggplant Guacamole,7,234
20532,Garlic-Herb Pretzels,8,235
20613,Cream of Mushroom Soup,9,236
20913,Magic Formula Generic Glass Cleaner,5,237
20982,Simple Corn Bread,9,238
21077,Fat-free Flour Tortillas,14,239
21103,Christmas Bunuelos,6,240
21111,Bleu Cheese Ball,9,241
21119,Christmas Butter Cookies I,9,242
21294,Ginger Beer II,4,243
21307,Old-fashioned Root Beer I,5,244
21312,Christmas Cookie Slices,10,245
21317,Christmas Cookies I,6,246
21332,Six Hour Root Beer,5,247
21473,Apple Rice Bake,6,248
21474,Apple Rice Curry,4,249
21497,Arroz Blanco,5,250
21498,Arroz Blanco II,4,251
21550,Bacon and Tomato Rice Cakes,5,252
21551,Bacon and Tomato Sauce with Rice,5,253
21553,Bacon and Tomato with Rice,4,254
21561,Baked Fish Fillets with Cheese Sauce,5,255
21581,Banana Pancakes II,4,256
21619,Beef Combo,5,257
21621,Beef Cups with Pizza Rice,9,258
21657,Beef-Broccoli Bake,5,259
21659,Beefy Now and Later Casserole,6,260
21746,Broccoli Rice Quiche,5,261
21762,Brown Rice and Mushroom Timbales,7,262
21763,Brown Rice and Nut Dressing,5,263
21830,Burnt Strawberry Cream,8,264
21872,Calico Rice with Frankfurters,5,265
21878,California Rice Skillet,6,266
21881,Calzone I,12,267
21895,Carmelita's Rice Pudding,9,268
21920,Cheesy Rice Balls,7,269
21934,Chicken ÌÎÌ_ la Winegrower,9,270
21959,Chicken and Rice Mexicana,5,271
21974,Chicken and Walnut Fried Rice,7,272
21975,Chicken Andalucia with Rice,10,273
21981,Chicken Cacciatore with Rice,8,274
22002,Chicken Hollandaise with Vegetable Rice,5,275
22005,Chicken in Wine Sauce,9,276
22037,Candied Chopped Ginger In Syrup,9,277
22111,Fortune's Fried Rice,5,278
22118,Christmas Ornament Cookies,7,279
22195,Low-fat Healthy Chili in a Crockpot,7,280
22272,Shish Taouq,7,281
22310,Christmas Scent,5,282
22325,Smothered Pork Chops,15,283
22338,Steam Custard with Milk,6,284
22390,Creamy Brown Rice,4,285
22415,Savory Tomatoes,4,286
22468,Coconut Bread I,6,287
22470,Coconut ice,8,288
22473,Coconut Snaps,9,289
22474,Classic Cooked Eggnog,16,290
22545,Chicken Livers Marengo,6,291
22563,Chicken Pilau,5,292
22569,Chicken Rice Medley,6,293
22581,Chicken Sloppy Joes I,6,294
22591,Chicken with Carrot Chutney,10,295
22592,Chicken with Curried Rice,7,296
22599,Chicken-Rice Casserole,5,297
22610,Chili Rice and Franks,5,298
22614,Chinese Stir-fried Rice,5,299
22646,Cocktail Knishes,18,300
22653,Combo Casserole,5,301
22655,Coney Island Casserole,5,302
22669,Coronado Casserole I,9,303
22679,Crab-Rice Rockefeller,9,304
22681,Crabacado Rice Skillet,6,305
22707,Creamy Rice Pudding,6,306
22708,Creamy Rice Pudding I,4,307
22727,Crustless Creamy Chicken Pot Pie,5,308
22729,Cumberland Lamb Chops and Rice,7,309
22848,Fat-free Twice-baked Potatoes,5,310
22934,Banana Cream Pudding,5,311
23083,Dilled Yogurt Eggplant Spread,6,312
23090,Easy Garlic Relish,6,313
23307,Simple Candied Carrots,4,314
23330,Strawberry Carrot Cake,6,315
23381,Easy Elegant Chicken,5,316
23386,Egg Rice Salad,5,317
23389,Eggs Magnifico,8,318
23518,Zucchini-Mushroom Quiche,7,319
23592,Garlic Lime Chicken II,5,320
23599,Ginger Chicken Rice,6,321
23619,Wine-roasted Chicken and Rice Dressing,6,322
23625,Glazed Franks with Parsley Rice,5,323
23657,Gourmet Mushroom Rice,4,324
23661,Grand Slam Fried Rice,6,325
23669,Greek Meatballs in Minted Rice Mold,13,326
23683,Walnut Rice with Cream Cheese and Mushrooms,5,327
23693,Ground Beef Stroganoff,9,328
23725,Vegetable Pork Stir-fry,4,329
23730,Vegetable Medley on Brown Rice,5,330
23748,Vanilla Rice Custard Freeze,5,331
23753,Unstuffed Skillet Peppers,5,332
23780,Ham with Fruited Rice Dressing,6,333
23797,Lemon Bar Cookies,7,334
23817,Hawaiian Stir-Fry Dinner,6,335
23837,Hearty Chicken and Rice Soup,6,336
23839,Ham and Potato Skillet,7,337
23853,Blender Lemon Pie,4,338
23854,Bob Hope's Lemon Pie,7,339
23881,Easter Lemon Curd Tarts,4,340
24136,Quick Corn Bread,13,341
24137,Raarakor,6,342
24140,Gluten-free Lefse,8,343
24142,Reduced Calorie Fruit Pizza,10,344
24156,SautÌÎå©ed Mushrooms II,5,345
24173,Gluten-free Almond Bread,12,346
24199,Gluten-free Buttermilk Cornbread,8,347
24201,Strawberry frozen fruit dessert,4,348
24238,Gluten-free Traveler's Cereal Snack,8,349
24251,Zucchini Patties,7,350
24259,Vegetable and Herb Quiche,8,351
24345,Tropcial Rice Pudding,7,352
24353,Tomato and Bacon Rice,6,353
24356,Thresher's Pork Stew,8,354
24363,The Refectory's Rice Pilaf,5,355
24375,Tangy Meat and Rice Loaf,5,356
24399,Sunnyside Rice,8,357
24414,Stuffed Chicken Breasts I,6,358
24415,Stuffed Cabbage Rolls,7,359
24422,Strawberry Rice Custard Freeze,5,360
24427,Stir-fried Chicken Cantonese,7,361
24456,Honey Walnut Dressing,4,362
24463,Hot Dog Special,5,363
24469,Hungarian Beef Goulash over Rice,7,364
24481,Italian Chicken with Rice,5,365
24482,Italian Chops and Rice,7,366
24484,Italian Rice Fritters,9,367
24489,Italiano Florentine Rice,4,368
24525,Rice Tarts,5,369
24533,Rice with Crunch,4,370
24542,Rice-Apple Crisp,8,371
24548,Rice-stuffed Chicken Breasts,9,372
24585,Roast Chicken with Curried Rice,4,373
24602,Rosy Lamb Curry,8,374
24617,Gluten-free Twice-baked Potatoes,8,375
24628,Gluten-free Cheesy Potato Ham Casserole,9,376
24629,Gluten-free Bacon Potato Onion Pie,10,377
24633,Gluten-free Chicken Cacciatore,4,378
24637,Gluten-free Pork Chops on Rice,6,379
24852,Spinach Rice Frittata,6,380
24857,Spinach Pom Pons,7,381
24949,Meat Balls with Sauce Verte,8,382
24966,Mexican Rice II,5,383
25001,Missouri Rice-Apple Crisp,8,384
25012,Mulligan Stew with Rice,7,385
25033,Nutty Vegetable Pilaf,6,386
25041,Old-fashioned Baked Rice Pudding,6,387
25071,Oriental Frittata,6,388
25094,Oriental Rice and Chicken Salad,4,389
25163,Peppy Franks with Rice,6,390
25176,Pineapple Rice Bake,8,391
25178,Pineapple Rice Pudding,8,392
25179,Pineapple-topped Creamy Rice Pudding,13,393
25194,Pork and Rice Curry,7,394
25206,Pork-fried Rice,8,395
25261,RICE 'N HONEY MUFFINS,4,396
25281,Rice and Tomatoes,4,397
25286,Rice Buttermilk Waffles,4,398
25308,Rice Flamenco,4,399
25352,Plain Omelet,5,400
25353,Herb Omelet,4,401
25354,Cheese Omelet,4,402
25489,Baking Powder Biscuits,13,403
25643,Quick and Easy Chocolate Cheesecake Pie,11,404
25727,Crescent Cookies,5,405
25913,Carrot Cream Soup,5,406
25918,Chocolate Almond Squares,4,407
25945,Italian Green Beans I,4,408
26057,Strawberry Glace Pie,14,409
26135,Honey Berry Butter,5,410
26138,Fast Fresh Strawberry Sauce,6,411
26458,Frozen Fruit-Yogurt Pops (or Smoothie),14,412
26563,Queque Seco,12,413
26619,Savory Eggplant-Dill Muffins,9,414
26793,Zucchini Muffins,9,415
26802,Mangos ÌÎÌ_ la Devo,6,416
26806,Mango Cake,6,417
26807,Mango Sorbet,6,418
26808,Mango with Lemon Sorbet,7,419
26809,Orange Mango Soup,9,420
26817,Mango Pie Too,6,421
26821,Mango-Nut Ice Cream Topping,4,422
26823,Mango Chicken with White Wine,5,423
26832,Real Mango Ice Cream,7,424
26845,Mango Tarte Tatin,18,425
26853,Mango Shortbread,6,426
26875,Mango Ginger Marmalade,12,427
26894,Mango Dumpling Roll-ups,23,428
26896,Mango Upside-down Cake,7,429
26925,Mango Turnovers,12,430
26928,Oh My Mango Cobbler,4,431
26944,Mango Sweet Pickle,9,432
26947,Mango Chicken I,6,433
26952,Mango Crumb Cake,8,434
26957,Baked Mango Custard,4,435
26958,Mango Jam Too!,6,436
26961,Dyna-Mango Bread,8,437
26965,Mango Pork Pot Roast,4,438
26975,Fast Mango CrÌÎåÈpes,7,439
27161,Avocado Boats,4,440
27166,Best Bhabha-Ghanoush,8,441
27231,Putlejela,9,442
27254,Antifreeze,4,443
27283,Birthday Party Cake,9,444
27316,Special Occasion Pet Frosting,4,445
27342,Valentine Kisses for Baby,6,446
27348,Kong Stuffer,4,447
27357,Banana Pupcakes,10,448
27478,Concombre de Pomme Facial Mask,4,449
27506,Garlic Chicken Wings,7,450
28221,Garam Masala Blend,4,451
29089,Makki ki Roti,5,452
29090,Plain Lassi,4,453
31899,South of the Border Chicken Soup,7,454
34978,Nthochi Bread,7,455
34979,Mtedza Puffs,8,456
34994,Rice Phala,4,457
35000,Fried White Ants,5,458
35003,Cabbage Soup,6,459
35016,Chicken Yakhni,10,460
35061,Buttermilk Pudding,6,461
35304,Groundnut Stew with Chicken,4,462
35307,Zambian Chicken Stew,6,463
35662,SALATA MA JIBNA,6,464
35664,Nigerian Pepper Soup,9,465
35682,Creme Caramela,13,466
35854,Naeamia be Dakwa,5,467
35941,Sudani Rice,4,468
36940,Nut and Banana Salad,5,469
37392,Sugar Peanuts,4,470
37611,Benne Cakes,8,471
37645,Bidia,15,472
37949,Anytime Garlic Butter,7,473
38006,Pal Payasam,5,474
38167,Rice Puttu,4,475
38181,Nigerian Eggplant Dip,4,476
39288,Tovuk Goshtly va Sabzavotly Gazak,6,477
39292,Obi-non,7,478
39293,Piyozli Non,7,479
39294,Mayizli Palov,7,480
39295,Sutli Non,8,481
39300,Un Talkon,4,482
39301,Kholvaitar,4,483
39308,Shakarli Bodom,7,484
39309,Khorazm Pahlamasi,9,485
39327,Oi Naani,11,486
39332,Gilmindi,5,487
39333,Tandir Samsa,5,488
39335,Chip-Chip Samsa,6,489
39336,Parmuda Samsa,6,490
39339,Varaki Samsa,8,491
39465,Ugandan Vegetable Casserole,5,492
40124,Peanuts-Nougat,4,493
40128,Coconut Candy (Uganda),10,494
40141,Achappam,8,495
41070,Korean Beef Kabobs,6,496
41482,Korean Spinach Soup,7,497
41565,Korean Roast Chicken Thighs,5,498
41568,Ethiopian Ginger Vegetables,5,499
41956,Apple Cake Dessert,6,500
41991,Luncheon Popovers,7,501
41999,Adriatic Summer Salad,6,502
42051,Puff-puff,9,503
42053,Chin Chin I,9,504
42058,Shiro Wat - Ethiopian Pea Stew,4,505
42069,Ethiopian Potato Salad,4,506
42093,Nigerian Onion Dip,6,507
42179,Brochettes a la Camerounaise,6,508
42184,Cameroonian Tornedos,4,509
42185,Beef with Marrow Seeds,8,510
42186,Ginger Juice Appetizer,7,511
42207,Milk Tapioca Pudding,4,512
42649,Kuay Namuan,4,513
42763,"Roasted chicken, african style",5,514
42804,Beans and Rice,9,515
42957,Zesty Lemon Granita,15,516
43079,Pan de Banano,7,517
43154,Majarete,8,518
43235,Filete encebollado,4,519
43249,RÌÎå©s guisada,9,520
43275,Groundnut Candy,5,521
43284,Pollo con Wasakaka,7,522
43285,ChicharrÌÎ_n de pollo,5,523
43286,Griddled chicken,5,524
43324,Ensalada Verde,4,525
43421,Fresh corn muffins,4,526
43528,Berenjenas Empanizadas,7,527
43624,Arroz blanco,6,528
43685,Pollo en Pina I,7,529
43717,Avocado with Smoked Fish,8,530
43831,LechÌÎ_n al Horno,6,531
43834,Majao,4,532
43950,Tawa-Tawas,6,533
43971,Leche Asada (Roasted Milk),4,534
44031,Banana and Lemon Pancakes,4,535
44176,Bolivian Picante De Pollo,5,536
44193,Kiri Buth,6,537
44527,Cucumber Soup,8,538
44533,Chili Relleno Casserole,6,539
44563,Plain Broiled Fish,5,540
44726,Somali Sugar Peanuts,4,541
44740,Potato and Green Bean Salad,21,542
44750,Lablabi,4,543
44875,Palm Butter Soup,4,544
44970,Griots,5,545
44976,Turkish-style Green Beans with Leeks and Carrots,13,546
45063,Haitian Doughboys,8,547
45069,Egg Roll Skins,13,548
45080,Pastry Crust,9,549
45082,Haitian BÌÎå©chamel Sauce,6,550
45083,Very Easy Tomato Sauce,4,551
45101,SautÌÎå©ed Eggplant with Tomato-Garlic Sauce,16,552
45106,Raisin Bread,10,553
45119,Banana Bread II,6,554
45126,Cucumber and Yogurt Salad,6,555
45127,Snack of Crab,8,556
45130,Pork Roast,11,557
45134,Stewed Oxtail,11,558
45136,Chicken-White Pepper Stew,12,559
45141,Vegetable Rice II,8,560
45161,Cool as a cucumber soup,5,561
45162,Yogurt Soup,4,562
45169,Basic Tomato Soup,5,563
45192,Hunkar Begendi I,10,564
45228,Potatoes Baked in their Jackets,5,565
45250,Rice Cakes,6,566
45255,Roasted Veggies,4,567
45258,Black Bean Tostada,9,568
45260,Mustard Cabbage,6,569
45262,Lo-cal Eggplant,6,570
45386,Stir-fried Beef and Green Beans,5,571
45410,Chicken and Cucumber Cold Salad,6,572
45506,Dessert Crepes,7,573
45548,Mango Pie,6,574
45697,Haitian Tomato Salad,5,575
45796,Badendjal,10,576
45853,Haitian Stuffed Cabbage Leaves,9,577
45863,Corn Fritters II,5,578
45890,Egg soup,8,579
45897,Azerbaijani Apple Pie,6,580
45900,Pahlava,12,581
45901,Poor Student,4,582
45929,Spinach Soup Bulgarian-style,5,583
45950,Baked Eggs with Spring Onions,4,584
46003,Pork spindle fillet,4,585
46008,Cheese baked in foil,4,586
46014,Ears,6,587
46029,Mackerel in Wine and Tomato Sauce,6,588
46030,Bulgarian Moussaka,7,589
46033,Pork Shops Sliven Style,5,590
46040,Courgettes in a joghurt sauce,6,591
46043,Bulgarian Potato Salad,4,592
46047,Cold yogurt soup,4,593
46050,Lamb with green onions,9,594
46122,Carrot Salad I,4,595
46137,Malawach,11,596
46185,Amala,4,597
46209,Cucumber and Tomato Salad,5,598
46233,Boiled Rice,6,599
46343,Rhodopean klin,7,600
46353,Grilled Black Sea blue fish,5,601
46358,Bulgarian Dried Sausages,5,602
46396,Baked Apples,5,603
46530,Akkara Balls,4,604
46550,Jordan Almond Bark,6,605
46552,Jordanas Banana Choc-Chip Muffins,5,606
46589,House Popovers,4,607
46601,Celery Almond Soup,6,608
46602,GRANDMA (SALLY) JORDAN PENN DUTCH POTATO SOUP,8,609
46615,Jordan's Sticky Buns,8,610
46655,Banana Porridge,8,611
46656,Cornmeal Porridge,5,612
46659,Banana Fritters,6,613
46669,Festival,8,614
46746,Baked Mackerel in White Wine,4,615
46817,Panagyurishte-Style Eggs,4,616
46841,Honduran Baked Bananas,8,617
46853,Bronzed Talapia,7,618
46888,Herb Tortilla Pan Bread,5,619
46889,Campers Orange-Coconut Cake,5,620
46956,Coconut Bread III,8,621
46966,Honduran Tamales,13,622
46992,Honduran BuÌÎå±uelos,7,623
47035,Carrot Orange Juice,4,624
47105,Lemon Flan,7,625
47112,Guinean Beef Stroganoff,8,626
47115,Chicken Fried Steak Guinea,5,627
47117,Waikiki Meat Balls,4,628
47121,Boeuf ÌÎÌ_ la Sauce Tomate,11,629
47123,Corned beef patties,5,630
47126,Chicken Teriyaki,5,631
47134,Chocolate peanut cookies,7,632
47137,Banana Peanut Butter Cookies,7,633
47139,Lemon or Orange Bars,7,634
47140,Peanut Butter Coconut Bars,6,635
47161,Chicken Mohallabiyya,4,636
47177,Butterscotch Brownies,4,637
47179,Peanut Brittle,5,638
47181,Coconut Toffee,5,639
47186,Peanut brittle,5,640
47188,Rich Banana Cake,5,641
47215,Milookhia (Green Herb Soup),4,642
47362,Corn Bread Honduras,5,643
47571,Delicacies of Horse-Flesh,4,644
47591,Johnny Cakes,9,645
47612,Kazanzhappai,7,646
47614,Taba-Nan,5,647
47617,Banana and Bacon Skewer,6,648
47651,Plov,13,649
47663,Banana Pancake,7,650
47730,Basic Scones,12,651
47746,Zelnik,10,652
47759,Roasted Lamb with Potatoes,12,653
47761,Pindzhur,5,654
47764,Ravanija,9,655
47765,Cucumber Salad with Yogurt,6,656
47766,Tripe Soup,8,657
47959,Pollo Frito - Fried Chicken,6,658
47964,Tembleque,15,659
47975,Tembleque I,6,660
47985,Coctel de camarones al pique,4,661
47999,Caramel Custard,9,662
48003,Egg Haloa,9,663
48038,Fish and Onions in Tomato Sauce,6,664
48042,Pinjur,8,665
48043,Wild Boar in Groundnut Sauce,11,666
48065,Fresh Corn Muffins,6,667
48140,Heavy Cream or Kajmak,11,668
48142,Baked Pindzhur,9,669
48143,Stir-fried Pindzhur,11,670
48145,Tarator I,7,671
48148,Shopska Salad,4,672
48149,Kjoftinja,6,673
48156,Tripe and Entrails,4,674
48167,Chopped Chicken Livers I,6,675
48169,Eggplant Turkish-style,5,676
48172,Israeli Doughnuts,5,677
48173,Israeli Donuts - Chanukah,6,678
48178,Stuffed Courgettes with egg and lemon sauce,6,679
48180,Israeli Apple Cake,9,680
48181,Israeli Avocado Dip,9,681
48182,Eggplants with Garlic and Tomato,12,682
48187,Chicken Paprika,5,683
48189,Israeli Chicken,9,684
48190,Israeli Fried Fish,4,685
48194,Shishlik,4,686
48196,Carrots Israeli,5,687
48198,Eggplant Salad Dip - Israeli Style,4,688
48213,Kebob (small hamburgers),8,689
48214,Bulviniai Blynai,8,690
48216,Lokshen Kugel,4,691
48228,Israeli Embassy Soup,7,692
48235,Rogieties,5,693
48260,Alas agridulces,4,694
48312,Kugeli I,8,695
48313,Kugeli,5,696
48314,Chanahi,5,697
48318,Gadazelili,4,698
48319,Kugla,8,699
48322,Lithuanian Apple Crumble Cake,6,700
48346,Khinkali,6,701
48360,Bulviniai Blynai I,6,702
48363,Lithuanian Potato Pudding,8,703
48371,Lithuanian Potato Soup I,5,704
48372,Parsley-stuffed Chicken,11,705
48391,Enyucados,4,706
48424,Banjaluka's Chevap,8,707
48427,Mtsvadi,7,708
48434,Broiled Chicken with Tkemali Sauce,4,709
48442,Sheqerpare,12,710
48462,Albanian Baklava,7,711
48471,Shkmeruli Chicken,5,712
48478,Tulumba,10,713
48485,Georgian Challah,16,714
48491,Cabbage Salad I,6,715
48492,Carrots with Butter,4,716
48499,Eggplant Salad with Dill,4,717
48501,Fried Eggplant Salad,8,718
48504,Fried Zucchini,4,719
48512,Halvah with Butter,4,720
48516,Green Pea Pods with Butter,4,721
48519,TavÌÎÌà me Presh,7,722
48526,Albanian Walnut Cake with Lemon Glaze,9,723
48545,Tegelese Tesmi,4,724
48569,Paklava II,8,725
48571,Paklava (Tertanoush) -Sima Piligian,20,726
48603,Sweet Cornbread,6,727
48636,Chicken Peanut Soup,6,728
48641,Potato and Onion Omelet,13,729
48656,Liberian Eggplant Fritters,4,730
48659,Liberian Peanut Soup,5,731
48665,Basic Cornbread,6,732
48673,Zucchini and Spinach Soup,9,733
48678,Fata'ir,12,734
48688,Cinnamon Rolls II,21,735
48689,Chapatis,13,736
48701,Potato Leek Soup,9,737
48712,Baked Creme Caramel,11,738
48718,TOMATO POTATO SOUP,6,739
48724,24-hour Potato Salad,4,740
48729,Tangy Dip,5,741
48738,Pistachio Baskets,8,742
48774,Spicy Jumbo Shrimp,6,743
48788,Bean Soups,4,744
48820,Micha Bread,4,745
48830,Arroz con Coco,12,746
48862,Ecuadorian Bread Pudding,7,747
48867,Milk Cake,20,748
48869,Shrimp al Pincho,4,749
48872,Chaulafan,4,750
48877,Liapingachos,5,751
48894,Biriani I,4,752
48911,Humitas,5,753
48922,Patlijan (Sempoog) Madzoon Meza,6,754
48937,ÌÎÌÓoquis de Papas,13,755
48944,Pollo (Marinated Chicken),9,756
48951,Chimichurri Sauce I,4,757
48960,Dulce de Leche from Sugar,4,758
48970,Salmon Grutense,5,759
48973,Stuffed Bass,6,760
48978,Milk Pork,8,761
48998,Potato Pudding Argentine,5,762
49019,Alfajores Argentine,7,763
49028,Bread Pudding Argentina,13,764
49033,Grilled Beef Tenderloin,4,765
49048,Potato and Meat Pudding,8,766
49050,Soup with Lazy Noodles,4,767
49054,Caramelized Sugar Sauce,4,768
49063,CrÌÎåÈpes,7,769
49065,Eggplant Pancakes,5,770
49073,Moldovan Noodles,8,771
49074,Mamaliga,13,772
49076,Potato Pancake,6,773
49110,Masterpiece Cheesecake,5,774
49126,Chocolate Velvet Cheesecake,7,775
49144,Tomatoes stuffed with Eggplant,5,776
49154,Creamy Mushrooms,6,777
49156,Milk Sauce,7,778
49157,Onion Sauce,5,779
49160,Cream of Spinach Soup I,6,780
49171,Latvian Apple Loaf,9,781
49174,Creamed Corn Muffins,10,782
49176,Grandma's Home-Made Noodles,4,783
49195,Khorkhog,4,784
49204,Kangchu Maroo,6,785
49205,Ema Datshi,7,786
49217,Huushuur,8,787
49223,Pan Roasted Vegetables,5,788
49228,Mongolian Dumplings,14,789
49248,Sanyet Batates,11,790
49257,Kofta with Apricot Sauce,4,791
49258,Kufta bi-l-fahma,4,792
49268,Saniyit Kufta,5,793
49271,Swarma,10,794
49272,Egyptian Marinade,5,795
49291,Igga Baladi Omelet,5,796
49306,Watercress and Lime Soup,5,797
49310,Tomato and Pimento Soup,6,798
49322,Kishk,10,799
49326,Meat Soup or Fatta,4,800
49337,Salata batatis,4,801
49353,Pita Crisps,5,802
49365,Spinach with Dill,4,803
49397,Suutei Tsai,4,804
49406,Pea Pats,6,805
49432,Spinach Pie,4,806
49437,Chicken breast escalope,6,807
49442,Coconut Flan with Caramel,23,808
49443,Bananas in Coconut Cream,4,809
49449,Pork Chops with Garlic and Onions,6,810
49544,Paneer Enchilladas,7,811
49562,Paneer-Corn liquid,7,812
49573,Spinach Chicken and Mushroom Strudel,9,813
49609,Spinach Bread,4,814
49647,Eggplant with Garlic,11,815
49668,Green Beans with Omelette,4,816
49674,Green beans with tomatoes,5,817
49697,Leeks with olives,4,818
49700,Mashed Potatoes II,5,819
49714,Mushroom and Tomato Dish,4,820
49719,Mushroom Pilaf,10,821
49730,Romanian Baked Mushrooms,4,822
49732,Mushrooms Peasant-style,4,823
49752,Peas with Tomatoes,4,824
49755,Peas Peasant-style,5,825
49771,Potato Dish,5,826
49913,Tanzanian Pineapple Nut Salad,4,827
49927,Ugali,8,828
49938,Health salad,4,829
49992,Zucchini Salad I,5,830
50020,Filled Buns,8,831
50077,Stuffed Eggs Romanian-style,6,832
50112,Mango Cobbler,4,833
50124,Pigeon Pie,5,834
50136,Romanian Mushroom Sauce,5,835
50138,Sour Cream Sauce,7,836
50160,Green Bean SoufflÌÎå©,7,837
50163,Spinach and Ham SoufflÌÎå©,5,838
50211,Quesadilla Salvadorena,9,839
50256,Assorted Vegetables with Butter II,4,840
50262,Beets with Butter and Sour Cream,7,841
50272,Forrest‰Û¡ÌÝå»s Funky Rump Kickin‰Û¡ÌÝå» Chicken Salad,10,842
50274,Grilled Beef Salad,13,843
50278,Carrots with Butter and Sour Cream,4,844
50294,Potato and Mushroom Croquettes,7,845
50299,Potato vareniki,6,846
50301,Kartoflianki,8,847
50303,Studen,7,848
50309,Pashtet Iz Pechonki,10,849
50320,Ruzz Bil Khaloot,4,850
50387,Fasoulia,7,851
50390,SHOURABAT MOZAAT,8,852
50393,Sayyadieh,7,853
50402,Stuffed Vine Leaves,14,854
50409,Homemade Labneh,8,855
50415,Broiled Lamb (Lahm MashwiI),4,856
50416,ROSTO MADQOUQA MARTADELLA,11,857
50417,Sfiha (Lahm Bi`ajeen),13,858
50420,Burani,7,859
50434,PulÌÎÌà me Arra,12,860
50437,Albanian Walnut Cake,10,861
50447,Albanian Rice pudding,4,862
50448,Hasude,5,863
50454,Albanian Tera Ta,9,864
50462,Musaka - Albanian Style,7,865
50483,Uruguayan Rice,4,866
50485,Arroz a la Cubana,4,867
50516,Huevos al Horno,5,868
50553,Zapallitos Rellenos,5,869
50562,Libyan Aseeda,7,870
50608,Veldt Bread,10,871
50617,Chicken Yassa to Die For,7,872
50619,Domada,6,873
50642,Jalapenos with cream cheese,4,874
50750,Romanian Noodles,4,875
50752,Romanian Pancakes,4,876
50767,Quick Polenta,11,877
50788,Laotian Kuay Namuan,4,878
50790,Omelette with cheese,4,879
50796,Scrambled Eggs with Eggplant,6,880
50819,So'o Ku'i,10,881
50848,Dulce de Mamon,5,882
50979,Mienski Honey Cake,4,883
50982,Zacirka with Milk,4,884
50994,Egg Roll with Potatoes,5,885
51001,Tomato Salad with Cheese,4,886
51011,Cornmeal Porridge II,4,887
51693,Chicken White Sauce Stew,7,888
51695,Chicken with Eggplant,7,889
51701,Romanian Chicken with Sour Cream,4,890
51703,Chicken with Tomatoes,6,891
51727,Lemon-sauced Chicken,5,892
51854,Beef &quot;Chorizo&quot;,4,893
51890,Mexican Wedding Cookies,6,894
52300,Cheap Layered Cake II,6,895
52336,Romanian Lemon Cream,4,896
52344,Lemon Icing I,4,897
52345,Orange Icing,4,898
52347,Sugar Icing,5,899
52355,Caramelized Sugar Cream,16,900
52374,Tex Mex Breakfast,7,901
52379,Tex-Mex Casserole,10,902
52381,Tex-Mex Hot Sauce,20,903
52387,Baked Tex Mex Loin Chops,4,904
52389,Tex-Mex Zucchini Corn Casserole,12,905
52445,Egg Roll Wrappers,4,906
52450,New England Kedgeree,7,907
52454,New England Fish Chowder,6,908
52455,Clam-Chowder,10,909
52456,Boiled Dinner,7,910
52458,New England Hot Chocolate,9,911
52459,England Apple Cake,11,912
52472,Cream of Fiddlehead Soup,7,913
52475,New England Oyster Stew,5,914
52564,Potato-Corn Pie,4,915
52574,Fritters (Basic Fritter Recipe),6,916
52577,Floats,7,917
52580,Fried bake,8,918
52611,Kyrgyz Pancakes,5,919
52616,Potato Vereniki,9,920
52631,"Tomato, Onion, and Pepper Salad",5,921
52638,Creamed Gizzards,8,922
52645,Sirok I,8,923
52653,Haluski,8,924
52655,Slovak Easter Cheese Dessert,7,925
52656,Egg Cheese,4,926
52658,Slivkove Gule,5,927
52661,Piroghis,10,928
52662,Roshki,6,929
52664,Kalacha Dough,7,930
52667,"Omackou, kysela s krumpole",4,931
52670,Sirok,8,932
52671,Slovak Nut Rolls,4,933
52678,Slovak Cabbage Bread,7,934
52688,Ammonia Powder Biscuits,7,935
52703,Cake with Egg Whites,4,936
52716,Prajitura Viscol,6,937
52735,Dough for Various Uses,5,938
52738,French Dough II,13,939
52740,Quick Doughnuts,6,940
52766,Karkade,6,941
52777,Caldo De Pollo recipe,6,942
52797,Wild West Corn Chips,7,943
52821,Pretzels with sour cream,4,944
52829,Sesame Biscuits II,5,945
52839,Vanilla Triangular Dumplings with Walnuts,4,946
52842,Bread with Milk,8,947
52850,Regular Sweet Bread,15,948
52872,Cinnamon Custard (Jericalla),9,949
52880,Southwestern Chicken,9,950
52888,Sopa de Tortillas Migas,8,951
53040,Acacia Flower Sherbet,5,952
53041,Apple Compote,5,953
53076,Burgonyakereg,8,954
53089,Csipetke,10,955
53098,Friss Kaporleves,8,956
53133,Cucumber Salad with Sour Cream,9,957
53161,Rivilchas or Tarhonya for Soup,7,958
53163,Bulk Dried Tarhonya,11,959
53172,Paradicsomleves,7,960
53190,Pork Roast with Onion Gravy,6,961
53203,Hungarian-style Mashed Potatoes,7,962
53214,Aranygaluska,17,963
53228,Portuguese Beef,4,964
53231,Raisin Rolled Strudel,13,965
53265,Pork Stew and Peas,8,966
53282,Portuguese Biscoitos,8,967
53283,Portuguese Bread Pudding,4,968
53287,Fillozes,10,969
53304,Crabby Patties,4,970
53308,Hot Dog-Linguica Stew,4,971
53309,Barbecue Shrimp,6,972
53311,Linguica Stew,7,973
53331,Fijian Broccoli Salad,15,974
53362,Tavas with lamb meat,4,975
53372,Cyprian Pork with Cabbage,5,976
53389,Kenyan Chapati,8,977
53396,Wali wa Nazi I,11,978
53416,Maandazi,5,979
53417,Chapatis II,5,980
53421,Tomato sauce for Pasta (with Commanderia),5,981
53433,Melitzanosalata,7,982
53435,Kleftiko (Lamb in the oven),4,983
53469,Souvlakia - Pork Kebab,5,984
53488,Guyanese Baked Coconut Custard,4,985
53494,Banana Bread I,4,986
53503,Boulanger Surprise,10,987
53505,Guyanese Bread and Butter Pudding,4,988
53508,Brown Bread,8,989
53509,Guyanese Buns,4,990
53510,Butter Flaps,5,991
53517,Guyanese Dundee Cake,5,992
53518,Dried Fruit and Pineapple Pie,6,993
53562,Mango Cheese,4,994
53587,Avocado Fruit Salad,4,995
53596,African Fool,13,996
53598,Honey Peanuts,6,997
53605,Batter Fritters,4,998
53612,Summer Salad Bowl,4,999
53800,Fish Stew from Bay of Kotor,5,1000
53804,Pastrovski makaruli,7,1001
53828,Rastan with pork joint,5,1002
53835,Sesame Egg Drop Soup,4,1003
53939,Haam am HÌÎå©e,9,1004
53961,Gromperekichelcher,8,1005
53982,BoxemÌÎ_nnercher,11,1006
54313,Boiled Potatoes,5,1007
54317,Confetti Rice,6,1008
54320,Bahama Bread,13,1009
54368,Mandazis,16,1010
54500,Shrimp Fried Rice,4,1011
54510,Sesame Mandarin Pancakes,17,1012
55059,Bloemkoolsaus,6,1013
55071,Bahamian Chicken,4,1014
55083,Bahamian Coconut Candy,5,1015
55088,Coconut Bars,5,1016
55178,Maltese Bread (Hobz),7,1017
55203,Rice with Bacalhau,6,1018
55232,Lontong,11,1019
55234,Boiled Nappi,6,1020
55239,PHULAURI,9,1021
55279,Maltese Biscuits,8,1022
55437,Blinchiki,4,1023
55438,Blintzes,9,1024
55443,Moscow Ponchiki,11,1025
55813,Banana Fritters I,13,1026
55815,Camaron Frito,12,1027
55849,Fry Jacks,13,1028
55986,Spicy Eggplant from Brunei,6,1029
56530,Coo-Coo - Fungi,6,1030
56667,Spice Cookies II,9,1031
63569,JERK CHICKEN,5,1032
63646,Pani Popo,15,1033
63651,Keke Faasaina,4,1034
63693,Rolls from Guam,4,1035
66572,Koninginnesouffle (Queen's SoufflÌÎå©),6,1036
88737,Chicken in Cream,8,1037
88741,Green Tomato Marmalade,4,1038
88745,Carrot Marmalade,6,1039
88747,Polish Placki Kartoflane,9,1040
88753,Avocado Ice Cream,4,1041
91701,Baked Corn,5,1042
91713,Cathy's Potato Pudding,5,1043
91718,Cathy's Banana Pudding,11,1044
91727,Pineapple Bread Pudding,4,1045
91734,Golden Corn Bread,5,1046
91737,Cathy's Potato Soup,4,1047
99102,My Mother's Chocolate Bread Pudding,9,1048
99895,Watson Estate Corn Waffles,10,1049
99898,Watson Estate Waffles,10,1050
99907,Watson Estate Cheese Waffles,11,1051
100203,Watson Estate Bacon Waffles,11,1052
100211,Watson Estate Ham Waffles,10,1053
100216,Watson Estate Nut Waffles,10,1054
100221,Watson Estate Corn Flake Waffles,10,1055
100228,Watson Estate Raisin Waffles,10,1056
100285,Armenian Beans,9,1057
101340,Spinach-Leek Latkes,5,1058
101350,Cuban Eggplant,12,1059
101357,Cuban Flan I,17,1060
101361,Armenian Dessert,12,1061
101368,Eggplant Salad from the Philippines,6,1062
101375,Brazilian Stroganoff,7,1063
101377,Corn Croquettes,18,1064
101382,Bacon's Perfect Meringue,7,1065
101416,Chinese Sticky Chicken,7,1066
101420,Pudding I,4,1067
101422,POTATO KUGEL,8,1068
101424,Potato Kugel I,5,1069
101426,Best-ever British Scones,11,1070
101433,SPAGHETTI SEASONING,4,1071
101441,Chocolate Cream Cheese Frosting,4,1072
101443,World Recipe Custard,9,1073
101444,Cream Custard Tarts,7,1074
101447,Garlic Lime Chicken,11,1075
101448,Lamb on skewers,7,1076
101458,HOMEMADE CREAM SOUP RECIPE,5,1077
101471,World Recipe Gravy,13,1078
101501,Greek Salad Dressing,5,1079
101503,Spicy burgers,9,1080
101512,Fast Fajitas,5,1081
101558,Cathy's American Chowder,9,1082
101565,Breakfast Scrapple of Pork,9,1083
101566,Griddle Cakes,6,1084
101567,Cereal Griddle Cakes,6,1085
101568,Nut Griddle Cakes,6,1086
101569,Raisin Griddle Cakes,6,1087
101570,Nutty Raisin Griddle Cakes,6,1088
101571,Sour Milk Griddle Cakes,6,1089
101572,Luncheon Cheese Griddle Cakes,6,1090
101573,Green Tomato Mincemeat,5,1091
101582,Bacon Corn Chowder,5,1092
101600,Wine Biscotti,12,1093
101606,Cake Mix Coffeecake,6,1094
101607,Dashy Hashy,4,1095
101621,Royal Chicken Breast,6,1096
101629,Old-fashioned Buttermilk Fudge,4,1097
101633,Brine Smoked Chickens,5,1098
101659,Super Crunch Chicken,11,1099
101660,LAVASH,25,1100
101673,PONCHO'S MEXICAN BUFFET SOPAIPILLIAS,10,1101
101678,JAMAICAN COCO BREAD,7,1102
101681,Portuguese eggs,7,1103
101702,Pineapple Cream Pie,5,1104
101721,Pouding Chomeur,11,1105
101722,World Recipe Danish Pastry,6,1106
101723,Cream Puff Topping,9,1107
101730,Mazzamorra,10,1108
101737,Strawberry Muffins,10,1109
101750,Knydli,8,1110
101752,World Recipe Chili Chicken,6,1111
101760,World Recipe Tamale Pie,14,1112
101764,Mexican Orange Candy,9,1113
101791,PORTUGUESE GARLIC DIP,5,1114
101802,Mexican Surprise Meatballs,9,1115
101843,Smoked Beef Jerky,6,1116
101851,Apple Peel Wine,7,1117
101862,Lemony Garlic Fried Chicken Breasts,5,1118
101863,Hills of Tennessee Old Fashioned Baked Chicken,4,1119
101884,Quick Apple Coffeecake,7,1120
101886,Pickled Peppers for Abundant Supply of Bell Peppers,4,1121
101890,Great-Grandma Bacon's Perfect Meringue,5,1122
101901,Clam Fritters,6,1123
101908,Poached Salmon,6,1124
101914,Salmon Teriyaki Steaks,7,1125
101924,Blue Ribbon Winning Barbecued Ribs,6,1126
101926,Barbecued Green Beans,5,1127
101929,Baked Beef and Lima Deluxe,5,1128
101931,Asian Way Lamb Strips,6,1129
101960,Almond Butter Brownies,8,1130
101961,Mango Mustard Sauce,6,1131
101992,Salmon Puffs,7,1132
101993,Raised Apple Biscuit,10,1133
101994,Apple Ketchup,6,1134
102023,Fresh Jalapeno Cornbread,4,1135
102026,Hungry Person's Breakfast Custard Casserole,12,1136
102027,Supreme Strawberry Soup,8,1137
102031,Corny Cabbage Delight,4,1138
102033,Beef Shepherd's Pie,7,1139
102034,Lamb Shepherd's Pie,7,1140
104234,Mexicana Salsa,6,1141
104238,Nancy's Salsa,7,1142
104241,Sam's Migas Supreme,8,1143
104425,Crock Pot Mexican Fiesta,8,1144
104434,Apple Enchiladas I,9,1145
104445,Chili Chicken Tortilla Soup,9,1146
104450,Spanish Fried Almonds (Almendras Fritas),6,1147
104457,Homemade Taco Seasoning Mix,7,1148
104458,Hot and Spicy Powder,4,1149
104463,EGGCHILADAS,7,1150
104487,Greek Chicken Sandwiches,9,1151
104491,Chocolate Sheath Cake,8,1152
104570,Chicken Parisienne,6,1153
104571,HOMEMADE SOUR CREAM,8,1154
104592,HOISIN GARLIC BURGERS,9,1155
104593,THE TANDORI HUMMOUS RECIPE,6,1156
104602,World Recipe Ratatouille,6,1157
104605,Ginger Carrots,7,1158
104606,Enchilada Meatballs,9,1159
104643,World Recipe Mexican Chicken Soup,5,1160
104644,Brazilian Fried Bananas,6,1161
104646,African Foo Foo,7,1162
104654,LEMONY THAI RIBS,11,1163
104668,JAMAICAN JERK CHICKEN BREASTS,7,1164
104684,Delicious Marinated Shrimp,8,1165
109043,Perfectly Chocolate Hot Cocoa,7,1166
125181,Sheltie Scones,10,1167
125235,Liver Treats,5,1168
125246,Doggy Dip,6,1169
125269,Doggy Chow Chow Chicken,12,1170
125294,Bulldog Banana Bites,5,1171
125299,Cheesey Dog Cookies,6,1172
126024,Cheesy Garlic Chunks,8,1173
126030,Luscious Chicken Liver Chewies,9,1174
126035,Frozen Fruit Treats,4,1175
127576,Whole Wheat Chicken Biscuits,5,1176
127581,Doggie Icing,10,1177
127589,Doggie Pizza,5,1178
127597,Doggie Donuts,5,1179
127601,Doggie Cookies,6,1180
127612,Chock full o' Chicken Chow,11,1181
127641,Garlic Chicken Chewies,7,1182
128028,Basic Dog Broth,4,1183
130579,Mashed Carrot Casserole,4,1184
130656,Cream Cheese Cookies,4,1185
130703,Biscoitos de Maizena,9,1186
130834,Hot Onion SoufflÌÎå©,5,1187
130983,Gluten-free Garlic Chicken Zucchini Stir-fry,7,1188
131013,Mexican Rice,5,1189
131056,Scalloped Tomatoes,6,1190
131210,Hot Mustard Sauce,7,1191
131218,Potato Soup using Mashed Potatoes,4,1192
131231,Crispy Baked Spud Halves for Two,4,1193
131319,Oriental Broccoli,7,1194
131330,Best Banana Bread,8,1195
131392,BauernfrÌÎ_hstÌÎ_ck I,12,1196
131463,The Lady's Perfect Scrambled Eggs,5,1197
131558,Mini Cheesecake Baskets,7,1198
131583,Mashed Potato Casserole,8,1199
131597,Broccoli Salad with Bacon,4,1200
132012,Banana Pound Cake,5,1201
132019,Big Heart-shaped Cookies for Valentines Day with Icing,13,1202
132135,Brown-Butter Frosting,5,1203
132167,All-season Quick Bread or Muffins,18,1204
132219,Homemade CrÌÎåÂme FraÌÎå¬che,7,1205
132223,Roasted Chicken Dinner,11,1206
132239,Valentine Bread,8,1207
132281,Instructions for making Roux,7,1208
132291,Guacamole Frito Burgers,5,1209
132378,Basilico,6,1210
132400,Very Easy Chunky Crockpot Applesauce,4,1211
132421,Smothered Onions,4,1212
132423,Old-fashioned Creamed Onions and Mushrooms,15,1213
132490,Fried Corn Meal Mush,4,1214
132581,Sugar-free Chocolate Yogurt Pops,6,1215
132598,Brown Rice Bread,16,1216
132599,Frozen Fruit Salad Recipe,4,1217
132721,Fluff Frosting,6,1218
132762,Hopeless Fudge Frosting,7,1219
132800,Best-ever Pecan Brownies,4,1220
132868,Drop Dumplings,8,1221
132955,Cinnamon Nut Muffins,5,1222
133134,Homemade Yeast Rolls,7,1223
133146,Honey Vinegar-broiled Tomatoes,6,1224
133252,Banana Health Loaf,8,1225
133338,California-style Chicken,8,1226
133524,Frozen Yogurt Smoothie,5,1227
133666,Garlic Chicken I,7,1228
133846,North Carolina Tarheel Hushpuppies,5,1229
133878,Biscuit Easter Bunnies,9,1230
133956,My Mom's Easter Carrot Cake,11,1231
133966,Tomato Pie I,7,1232
134096,Athenian Vegetables,5,1233
134101,Broiled Mango,5,1234
134182,Down South Old-fashioned Caramel Cake,18,1235
134208,Pannukaku,5,1236
134288,Homemade Tomato Juice,18,1237
134503,Easy Zucchini Parmesan,5,1238
134560,Quick and Easy Apple Crisp,8,1239
134649,Chili without Beans,4,1240
134721,Peach Corn Bread Muffins,9,1241
134940,All-weather Broccoli Soup,8,1242
134980,Creamed Corn Casserole,4,1243
135085,Kyle's Spanish Rice,6,1244
135147,Silky Vel Voute Sauce,4,1245
135280,Vanilla Custard Cups,6,1246
135287,Grands Burgers,13,1247
135349,2-2-2-5 Cake,6,1248
135708,Italian-style BÌÎå©chamel Sauce,5,1249
135732,Cream Cheese Brownies,11,1250
135985,Batter-fried Shrimp,9,1251
136079,Mandi's Grandma's Caramel Dumplings,6,1252
136170,Real Red Velvet Cake Frosting,5,1253
136625,Old Fashioned Caramel Frosting,6,1254
136651,Wolfgang's Low-carb Pizza Crust,7,1255
136935,Homemade Boursin Cheese Spread,4,1256
137106,Old-fashioned Lunenburg Breakfast or Supper Dish,7,1257
137131,Sopa de Arroz con Gallina,6,1258
137183,Zucchini Gratin,7,1259
137270,Red Apple Spinach Salad,4,1260
137366,Zucchini and Carrots with Fresh Herbs,8,1261
137483,Old-fashioned Bread Stuffing,6,1262
137690,Green Bean Puff,5,1263
137709,BLT Cukes,9,1264
137994,So So Easy But So So Good Mini Pies,6,1265
138007,Skillet Carrots,5,1266
138072,Cherry Cheesecake Cookies,4,1267
138121,Wrappers for Wontons or Egg Rolls,10,1268
138461,Peanut Butter Muffins I,5,1269
138499,Homemade Tortillas,6,1270
138512,Pork Sweet and Sour,10,1271
138598,Broccoli Italian-style,4,1272
138615,Zucchini Muffins I,7,1273
138839,Baked Apples with Raisins,7,1274
139077,Cinnamon-Nut Slices,4,1275
139081,Creamy French Onion Mashed Potatoes,8,1276
139083,Deruny,8,1277
139111,Lemon Teriyaki-glazed Chicken,4,1278
139203,Oven-fried Eggplant,5,1279
139208,Marie Callanders' Honey Bacon Butter,4,1280
139284,Eggs en Cocotte,7,1281
139393,Butter Icing,6,1282
139498,Buttermilk Eggs in Tomato Shells,10,1283
139607,1927 Peanut Butter Bread,4,1284
139628,Easy Cinnamon Bread,7,1285
139634,Debi's Potato Soup,10,1286
139846,Nutty Apple Pie Cake,8,1287
139898,Easy Onion Patties,7,1288
140102,Cheesy Oven Fries,5,1289
140133,Wiki Mango Bread,5,1290
140148,Mango Bread I,5,1291
140219,Mennonite Old-fashioned Beef Pot Pie,9,1292
140340,Cabbage Fries,5,1293
140428,Baked Carrots with Sherry,4,1294
140438,Ranch-style Dressing and Dip Mix,8,1295
140483,Green Potato Salad,10,1296
140560,Creamed Hard-boiled Eggs,4,1297
140643,Chicago-style Pizza Crust,6,1298
141426,Chinese-style Pancake with Green Onion,6,1299
141438,Elena Molokhovets' Beef Strogonoff,5,1300
141503,Scrambled Eggs,8,1301
141531,Corn Pancakes,4,1302
141604,Pumpkin Bread III,8,1303
141619,Apple Cobbler,12,1304
141630,Holland Tea Cakes,4,1305
141700,Christmas Butter Cookies,13,1306
141707,Fudge Brownies,8,1307
141712,Potato Kugel,7,1308
141730,Rugelach II,8,1309
141852,2-minute Fudge,8,1310
142067,Roasted Sweet Onion Dip,7,1311
142073,Spicy Eggplant Dip,5,1312
142187,Mozzarella Sticks,17,1313
142290,Curry Dressing,4,1314
142363,Cabbage and Potato SautÌÎå©,6,1315
142440,Pizza Fresca,5,1316
142443,Potato Pancakes,6,1317
142465,Spicy Basque Chicken,5,1318
142474,Asian Garlic Shrimp,4,1319
142522,Agua Fresca de Pepino,5,1320
142683,Pioneer-style Hardtack,9,1321
142693,Potato Pudding,6,1322
142697,Apple Snow,6,1323
142869,Milk-free Vanilla Pudding,6,1324
142930,Pizza Potatoes,5,1325
143083,Lemon Chess Pie,4,1326
143093,Peanut Butter Muffins,5,1327
143099,Old-fashioned Peanut Butter: Food Processor Method,6,1328
143111,Baked Chicken and Apples,8,1329
143120,Chicken and Rice Casserole,8,1330
143124,Ritz Chicken Parmesan,5,1331
143193,Biscuit-topped Pork Pie,6,1332
143302,Cabbage Rolls Paprika,11,1333
143516,Apple Bread,5,1334
143518,Autumn Chowder,4,1335
143534,Stuffed Eggplant,10,1336
143547,Broccoli Baked Potatoes,9,1337
143674,Cocoa Fudge Cake,11,1338
143902,Spinach Cakes,5,1339
143960,Tortattas,10,1340
143964,Upside-down Apple-Raisin Tart,11,1341
144022,USDA Buttermilk Toaster Pancakes,13,1342
144028,Skillet Roasted Chicken,7,1343
144099,Pueblo Oven Bread,8,1344
144121,USDA Muffins,7,1345
144732,Creamy Peanut Butter Pie,4,1346
144863,Whipped Cream,5,1347
145000,Stuffed Baked Potatoes,10,1348
145006,Vegetable Oil Pastry Shell,17,1349
145079,USDA Peanut Butter Bars,10,1350
145106,Lemon Dill Salmon Sauce,4,1351
145316,Curried Zucchini Soup,8,1352
145657,Taco Dip,11,1353
145744,Lemon Curd (classic),6,1354
145923,Strawberry Bread,4,1355
146014,Ooey-Gooey Butter Cake,10,1356
146895,Raisin Jam,5,1357
147771,Orange Eggnog,7,1358
147776,Liver and Onions,6,1359
147778,Mixed Vegetable-stuffed Potatoes,9,1360
147869,Crunchy Peanut Butter,10,1361
147897,Krupnik,7,1362
147906,Lazy Beans,7,1363
147915,Clam Casserole,4,1364
147922,Buttery Chicken Delight,10,1365
148000,Hartman Estate Fried Bread,10,1366
148020,Apple Slices,8,1367
148046,Pineapple Empanadas,13,1368
148102,Corn Casserole with Bacon,8,1369
148149,Zucchini Beef Casserole,9,1370
148151,Biscuits for Two,7,1371
148152,Nutty Cheese Ball,4,1372
148160,Scalloped Corn and Broccoli,5,1373
148170,Cucumber Dill Dip,5,1374
148237,Shrimp Delight,6,1375
149950,Banana Bread IV,4,1376
150182,Sweet Butter in 15 Minutes,7,1377
150989,Broccoli Corn Muffins,4,1378
151030,Real Spanish Omlette,7,1379
151095,Vanilla Strawberry Sauce,4,1380
151207,The Best Guacamole I,6,1381
151272,Apple Surprise I,4,1382
151375,Sicilian Baci Gelato,5,1383
151621,Chicken Sorrento,6,1384
152511,Prosphora,9,1385
152778,Cumin Carrots,6,1386
152896,Babam,5,1387
155304,Pryor Estate Chicken Corn Soup,6,1388
155309,Zucchini Cookies,4,1389
155318,Pryor Estate Cucumber Dill Dip,4,1390
155369,Sour Cream Banana Bread,8,1391
155370,Tomato Vinaigrette,9,1392
155572,Aromatic White Sauce,8,1393
156845,Chocolate-covered Peanut Butter Balls,6,1394
156880,Empanada Dough,9,1395
158325,Timzpacho Soup,6,1396
158466,Spanish Walnut Cake,5,1397
158532,Shrimp Diablo,6,1398
160383,Cawl Mamgu,5,1399
160384,Caws Pobi,4,1400
160385,Crempog Las,5,1401
160387,Ffowlyn Cymreig,6,1402
160388,Ffroes,8,1403
160424,Teisen Mel,9,1404
160425,Teisen Nionod,6,1405
160981,Lemon Pasta,7,1406
160983,Lemon Roasted Potatoes,7,1407
160988,Lemon Cookies,9,1408
160989,Lemon BBQ Chicken,9,1409
160994,Lemon Bread I,9,1410
164548,Chicken Yogurt,8,1411
166220,Avocado-Horseradish Spread,4,1412
166353,Apple Ring Snacks,10,1413
166409,Keep-on-hand Snow Cones,5,1414
167065,Poached Eggs with Yogurt,8,1415
167085,Microwave Scrambled Eggs and Ham,5,1416
168163,Easy Sliced Baked Potatoes,5,1417
168165,Apple Delight,5,1418
169510,Award-winning Chocolate Sheet Cake,8,1419
169578,Honey-glazed Corn on the Cob,4,1420
169663,Garlic-flavored Potato Cake,7,1421
170030,Acadian Couch Couch,5,1422
170069,Tomato Cajun Chicken Salad,4,1423
170074,Countryside Creamed Potatoes,5,1424
170230,Pryor Estate Apple Fritters,6,1425
170235,Warm Potato Salad,8,1426
170240,Red Pepper Frittata with Fresh Thyme,17,1427
170243,Green Pepper Frittata with Fresh Thyme,17,1428
170374,Escalloped Tomatoes,7,1429
170558,Buttermilk Corn Cakes,4,1430
170566,Tantalizing Bacon Peanut Butter Corn Bread,6,1431
170923,Cream Cheese and Chive Mashed Potatoes,5,1432
171652,Quick 'n' Easy Risotto,9,1433
171699,Strawberry Syrup,6,1434
171816,Basil Buttermilk Dressing,4,1435
171827,Ciderized Honey Mustard Dressing,4,1436
171853,Toasted Cumin Vinaigrette,6,1437
171946,Spanish Rice IV,9,1438
172007,Bacon Cheese Potatoes,6,1439
172368,Christmas Tree Ornaments,5,1440
172369,Papier MÌÎå¢chÌÎå©,9,1441
172445,Oh So Good Pineapple Cake,7,1442
172462,Corn Pudding I,4,1443
172473,Eggs and Rice,7,1444
172497,Chocolate Chip Peanut Butter Squares,9,1445
172564,Insalata Caprese,4,1446
172567,Zesty Fried Eggs,4,1447
172575,Chinese Velvet Chicken and Corn Soup,5,1448
172577,Zucchini Spice Cake with Cream Cheese Frosting,6,1449
172579,Yummy Banana Cake with Cream Cheese Frosting,7,1450
172610,Frozen Banana Yogurt,4,1451
172653,Garden Harvest Omelet,4,1452
172733,Silver Dollar Pancakes,7,1453
172879,Andagi I,6,1454
172888,Fresh Green Beans and Basil,7,1455
172914,Classic Lemonade by the Pitcher,8,1456
173011,Canned Apples for Pie,5,1457
173012,Indian Relish,6,1458
173069,Banana and Corn Casserole,5,1459
173377,Eggs stuffed with Spinach,4,1460
173399,Baked Chicken with Bacon Tomato Sauce,13,1461
173429,Home-baked Apple Quarters,4,1462
173531,Herb Roasted Potatoes I,5,1463
174044,40-clove Garlic Chicken,14,1464
174058,Ritchie Estate Apple Cobbler,11,1465
175361,Moroccan-spiced Lemon Dressing,4,1466
175689,Morning Glory Muffins I,11,1467
176564,Basic BÌÎå©chamel Sauce,6,1468
177536,Eggplant Parmigiana I,11,1469
182113,Pampushki,25,1470
198893,Savory Crepes,8,1471
1628,Stewed Lamb Chops,6,1472
2169,Potato Wedges,8,1473
3204,Slovak Cucumbers in Sour Cream,6,1474
3231,Rozky,10,1475
3254,Chicken and mushrooms over noodles.,25,1476
3298,Mom's Haluski,8,1477
3305,Bread Dumplings (Houskove Knedliky),8,1478
4469,Grosses Galettes Liegeoises,5,1479
5595,Garlic Mushrooms,6,1480
5645,Mexican Corn Soup,7,1481
5702,Pennsylvania Dutch Amish Dessert,7,1482
5703,Poor Man's Steak,5,1483
5731,Zesty Shrimp Snacks,6,1484
5757,Quick Quesadillas,7,1485
5887,Caribbean Roast Chicken and Avocado Salad,6,1486
5970,Cuban Pork Chops,6,1487
5991,Cuban Pork Roast,8,1488
6002,Puerto Rican Pork a La Criolla,4,1489
6091,Banana Coconut treat,4,1490
6155,Caribbean Mangoes and Cream,5,1491
7303,Cheesy Enchiladas,7,1492
7529,Creamed Peas,5,1493
11851,Ukrainian Zenia‰Û¡ÌÝå»s Potato Varenyky,20,1494
12509,Homemade Salad Dressing,5,1495
12649,Broccoli with Sauce,5,1496
12655,Amish Onion Patties,6,1497
12772,Bacon and Egg Pie,7,1498
12984,PÌÎå£o de Queijo II,5,1499
13024,PÌÎå£o de Queijo,4,1500
13065,Salada de Cebola,5,1501
13782,Brunch Rice,7,1502
13888,Garbanzo Bean Stew,6,1503
13917,Native American Fry Bread,22,1504
14165,Pudim de Claras,11,1505
14191,Green Beans and Peppers:,12,1506
14200,Creme de abacate,4,1507
14373,Red Chili Stew,8,1508
17420,TOMATO TEA SANDWICHES,6,1509
17988,Corn pancakes,6,1510
18291,Peruvian Anticuchos,5,1511
18418,Easy soft pretzels,4,1512
18673,Peruvian Puffs,5,1513
18955,Frico Crisps,6,1514
19115,Columbian Pancakes,4,1515
19213,Carne en Polvo,8,1516
19798,Zesty Italian Sausages,5,1517
20290,Natilla,5,1518
23096,Light and Bright Pepper Delight,7,1519
23164,Roasted Veggie Wrap,4,1520
23194,The Best Hummus,5,1521
23270,Carrot Ice Cream Pie,4,1522
27782,Rosemary Herb Chicken,7,1523
136340,Fruited Pork Chops,8,1524